id,timestamp,log_type,description,source_ip,destination_ip,threat_level
1,04-05-2025 05:32,malware,Detected malware activity from remote source.,10.251.53.14,10.0.109.238,15
2,01-07-2024 21:48,threat,Detected threat activity from remote source.,10.251.56.202,10.0.216.162,5
3,08-11-2024 07:33,malicious,Detected malicious activity from remote source.,10.251.202.75,10.0.134.84,10
4,09-03-2025 20:01,malicious,Detected malicious activity from remote source.,10.251.35.120,10.0.37.95,11
5,18-04-2025 22:42,threat,Detected threat activity from remote source.,10.251.196.143,10.0.197.249,14
6,20-08-2024 21:51,hack,Detected hack activity from remote source.,10.251.21.44,10.0.165.49,8
7,04-07-2024 16:39,malware,Detected malware activity from remote source.,10.251.159.182,10.0.27.214,8
8,12-04-2025 05:19,threat,Detected threat activity from remote source.,10.251.67.40,10.0.191.206,6
9,05-11-2024 12:15,threat,Detected threat activity from remote source.,10.251.101.7,10.0.73.55,14
10,15-01-2025 18:05,phishing,Detected phishing activity from remote source.,10.251.120.146,10.0.113.89,12
11,04-08-2024 14:12,phishing,Detected phishing activity from remote source.,10.251.141.11,10.0.98.106,9
12,20-04-2024 02:21,malware,Detected malware activity from remote source.,10.251.1.56,10.0.51.118,13
13,24-12-2024 13:05,malicious,Detected malicious activity from remote source.,10.251.33.20,10.0.249.67,13
14,20-09-2024 03:01,suspicious,Detected suspicious activity from remote source.,10.251.145.71,10.0.132.225,8
15,19-04-2025 00:41,phishing,Detected phishing activity from remote source.,10.251.64.114,10.0.139.54,8
16,02-09-2024 09:19,hack,Detected hack activity from remote source.,10.251.206.18,10.0.152.25,13
5,20-02-2025 09:31,phishing,Detected phishing activity from remote source.,10.251.63.29,10.0.96.84,5
18,04-05-2024 16:27,suspicious,Detected suspicious activity from remote source.,10.251.84.58,10.0.183.88,10
19,09-08-2024 21:20,hack,Detected hack activity from remote source.,10.251.197.197,10.0.47.198,15
20,02-01-2025 05:51,phishing,Detected phishing activity from remote source.,10.251.118.148,10.0.200.146,12
21,02-02-2025 01:13,suspicious,Detected suspicious activity from remote source.,10.251.21.130,10.0.144.36,15
22,21-04-2024 05:39,threat,Detected threat activity from remote source.,10.251.106.229,10.0.150.158,10
23,27-06-2024 06:22,malware,Detected malware activity from remote source.,10.251.61.240,10.0.121.43,13
24,11-11-2024 01:53,malicious,Detected malicious activity from remote source.,10.251.201.207,10.0.168.196,9
25,22-09-2024 20:50,malware,Detected malware activity from remote source.,10.251.238.67,10.0.88.240,10
26,05-07-2024 23:39,malicious,Detected malicious activity from remote source.,10.251.87.4,10.0.148.198,7
27,05-07-2024 09:20,hack,Detected hack activity from remote source.,10.251.130.134,10.0.233.250,12
28,14-06-2024 07:07,threat,Detected threat activity from remote source.,10.251.12.106,10.0.180.54,11
29,27-12-2024 06:49,suspicious,Detected suspicious activity from remote source.,10.251.115.96,10.0.71.154,7
30,22-11-2024 12:10,hack,Detected hack activity from remote source.,10.251.111.120,10.0.225.227,15
31,20-10-2024 08:54,malicious,Detected malicious activity from remote source.,10.251.35.92,10.0.104.87,11
32,05-04-2025 02:39,phishing,Detected phishing activity from remote source.,10.251.13.3,10.0.58.167,8
33,12-12-2024 05:26,threat,Detected threat activity from remote source.,10.251.248.131,10.0.56.50,11
34,09-05-2024 21:25,malicious,Detected malicious activity from remote source.,10.251.94.42,10.0.164.2,7
35,04-10-2024 18:33,malware,Detected malware activity from remote source.,10.251.252.48,10.0.185.131,13
36,12-04-2024 08:22,suspicious,Detected suspicious activity from remote source.,10.251.46.214,10.0.95.1,8
37,13-11-2024 18:48,suspicious,Detected suspicious activity from remote source.,10.251.246.119,10.0.169.101,14
38,12-11-2024 09:08,malicious,Detected malicious activity from remote source.,10.251.57.13,10.0.252.4,8
39,22-04-2025 04:42,hack,Detected hack activity from remote source.,10.251.244.246,10.0.120.6,5
40,15-11-2024 11:49,threat,Detected threat activity from remote source.,10.251.229.239,10.0.72.95,15
41,28-02-2025 10:48,threat,Detected threat activity from remote source.,10.251.221.209,10.0.135.62,7
42,24-12-2024 18:03,suspicious,Detected suspicious activity from remote source.,10.251.227.48,10.0.63.22,15
43,12-05-2025 14:27,phishing,Detected phishing activity from remote source.,10.251.125.56,10.0.222.86,14
44,13-04-2024 02:48,malicious,Detected malicious activity from remote source.,10.251.26.103,10.0.96.148,7
45,16-12-2024 11:06,threat,Detected threat activity from remote source.,10.251.86.53,10.0.220.212,12
46,15-10-2024 06:31,malicious,Detected malicious activity from remote source.,10.251.100.219,10.0.160.155,7
47,02-08-2024 09:37,threat,Detected threat activity from remote source.,10.251.93.159,10.0.87.129,13
48,05-04-2024 20:23,malicious,Detected malicious activity from remote source.,10.251.11.143,10.0.104.248,10
49,31-12-2024 19:53,malicious,Detected malicious activity from remote source.,10.251.127.119,10.0.78.204,9
50,29-05-2024 14:48,hack,Detected hack activity from remote source.,10.251.129.4,10.0.49.163,8
51,28-10-2024 05:58,phishing,Detected phishing activity from remote source.,10.251.148.106,10.0.226.243,11
52,27-10-2024 06:31,phishing,Detected phishing activity from remote source.,10.251.181.89,10.0.254.142,5
53,02-05-2025 15:57,hack,Detected hack activity from remote source.,10.251.36.56,10.0.157.128,6
54,12-07-2024 01:15,hack,Detected hack activity from remote source.,10.251.139.240,10.0.4.213,9
55,08-05-2024 13:23,malware,Detected malware activity from remote source.,10.251.181.159,10.0.227.24,11
56,22-05-2024 11:23,phishing,Detected phishing activity from remote source.,10.251.96.240,10.0.148.245,13
57,05-10-2024 00:14,suspicious,Detected suspicious activity from remote source.,10.251.140.99,10.0.49.166,11
58,21-01-2025 19:16,malware,Detected malware activity from remote source.,10.251.28.86,10.0.112.34,7
59,02-09-2024 05:01,hack,Detected hack activity from remote source.,10.251.160.34,10.0.148.138,15
60,21-01-2025 04:08,hack,Detected hack activity from remote source.,10.251.4.107,10.0.138.137,6
61,13-07-2024 23:36,phishing,Detected phishing activity from remote source.,10.251.235.129,10.0.134.107,6
62,01-09-2024 01:15,hack,Detected hack activity from remote source.,10.251.114.123,10.0.101.3,14
63,05-07-2024 14:40,phishing,Detected phishing activity from remote source.,10.251.164.28,10.0.77.26,7
64,12-06-2024 14:01,hack,Detected hack activity from remote source.,10.251.251.146,10.0.52.202,12
65,24-11-2024 12:25,suspicious,Detected suspicious activity from remote source.,10.251.133.123,10.0.221.12,12
66,21-12-2024 01:42,phishing,Detected phishing activity from remote source.,10.251.225.51,10.0.145.226,8
67,13-05-2024 10:43,phishing,Detected phishing activity from remote source.,10.251.102.67,10.0.236.50,10
68,02-12-2024 12:25,phishing,Detected phishing activity from remote source.,10.251.235.218,10.0.82.85,9
69,07-10-2024 14:28,hack,Detected hack activity from remote source.,10.251.2.115,10.0.16.84,9
70,18-07-2024 15:23,malware,Detected malware activity from remote source.,10.251.0.236,10.0.182.211,8
71,10-05-2024 11:31,malicious,Detected malicious activity from remote source.,10.251.108.16,10.0.69.126,11
72,24-10-2024 04:12,hack,Detected hack activity from remote source.,10.251.21.48,10.0.135.97,8
73,15-10-2024 18:14,malware,Detected malware activity from remote source.,10.251.167.133,10.0.14.155,6
74,23-12-2024 06:05,hack,Detected hack activity from remote source.,10.251.216.39,10.0.44.220,13
75,25-05-2024 10:38,malware,Detected malware activity from remote source.,10.251.224.238,10.0.246.196,7
76,19-01-2025 07:39,suspicious,Detected suspicious activity from remote source.,10.251.35.10,10.0.88.252,10
77,24-04-2024 19:44,malware,Detected malware activity from remote source.,10.251.134.115,10.0.159.107,14
78,23-06-2024 09:13,malware,Detected malware activity from remote source.,10.251.24.18,10.0.215.228,13
79,04-12-2024 21:33,threat,Detected threat activity from remote source.,10.251.147.14,10.0.79.126,5
80,26-02-2025 21:14,hack,Detected hack activity from remote source.,10.251.80.133,10.0.130.15,14
81,22-01-2025 08:21,suspicious,Detected suspicious activity from remote source.,10.251.15.187,10.0.73.96,15
82,28-10-2024 08:34,suspicious,Detected suspicious activity from remote source.,10.251.185.42,10.0.151.56,14
83,08-01-2025 03:43,suspicious,Detected suspicious activity from remote source.,10.251.133.92,10.0.137.108,7
84,25-02-2025 23:32,hack,Detected hack activity from remote source.,10.251.225.207,10.0.44.108,9
85,28-04-2024 06:23,malicious,Detected malicious activity from remote source.,10.251.132.208,10.0.61.43,13
86,24-05-2024 04:28,malware,Detected malware activity from remote source.,10.251.196.210,10.0.227.7,9
87,09-05-2024 23:57,malicious,Detected malicious activity from remote source.,10.251.153.131,10.0.56.108,5
88,30-11-2024 14:35,malicious,Detected malicious activity from remote source.,10.251.8.249,10.0.134.154,13
89,12-11-2024 20:38,malware,Detected malware activity from remote source.,10.251.253.20,10.0.194.248,13
90,24-03-2025 01:06,phishing,Detected phishing activity from remote source.,10.251.80.46,10.0.248.140,9
91,20-04-2025 15:34,phishing,Detected phishing activity from remote source.,10.251.49.45,10.0.44.234,5
92,09-04-2024 09:16,suspicious,Detected suspicious activity from remote source.,10.251.84.101,10.0.145.25,12
93,02-02-2025 15:47,threat,Detected threat activity from remote source.,10.251.238.244,10.0.5.169,14
94,23-06-2024 20:44,suspicious,Detected suspicious activity from remote source.,10.251.126.243,10.0.189.183,11
95,10-11-2024 13:57,malware,Detected malware activity from remote source.,10.251.202.19,10.0.92.28,13
96,22-03-2025 23:34,threat,Detected threat activity from remote source.,10.251.129.95,10.0.255.209,9
97,02-01-2025 06:35,hack,Detected hack activity from remote source.,10.251.153.152,10.0.96.180,12
98,10-04-2024 00:18,phishing,Detected phishing activity from remote source.,10.251.15.51,10.0.165.6,12
99,11-11-2024 19:28,malicious,Detected malicious activity from remote source.,10.251.64.153,10.0.137.51,11
100,13-08-2024 07:57,malware,Detected malware activity from remote source.,10.251.102.233,10.0.188.32,9
101,08-04-2025 11:13,threat,Detected threat activity from remote source.,10.251.35.13,10.0.210.84,10
102,12-06-2024 05:20,phishing,Detected phishing activity from remote source.,10.251.219.209,10.0.190.93,10
103,23-05-2024 05:43,suspicious,Detected suspicious activity from remote source.,10.251.41.229,10.0.59.226,6
104,23-09-2024 12:11,malware,Detected malware activity from remote source.,10.251.57.165,10.0.115.100,15
105,16-07-2024 02:57,phishing,Detected phishing activity from remote source.,10.251.25.97,10.0.161.21,9
106,20-07-2024 09:04,phishing,Detected phishing activity from remote source.,10.251.154.243,10.0.99.145,13
107,16-01-2025 13:30,hack,Detected hack activity from remote source.,10.251.61.45,10.0.237.116,8
108,27-02-2025 10:46,hack,Detected hack activity from remote source.,10.251.202.110,10.0.235.251,11
109,01-05-2024 05:52,suspicious,Detected suspicious activity from remote source.,10.251.25.181,10.0.19.158,9
110,12-11-2024 20:28,threat,Detected threat activity from remote source.,10.251.75.18,10.0.153.132,9
111,24-02-2025 22:43,hack,Detected hack activity from remote source.,10.251.12.55,10.0.8.83,10
112,09-04-2024 21:27,malware,Detected malware activity from remote source.,10.251.55.196,10.0.108.21,5
113,26-06-2024 07:49,phishing,Detected phishing activity from remote source.,10.251.202.208,10.0.83.248,10
114,08-03-2025 05:11,malware,Detected malware activity from remote source.,10.251.102.7,10.0.154.110,5
115,16-06-2024 01:56,suspicious,Detected suspicious activity from remote source.,10.251.105.166,10.0.103.50,15
116,23-12-2024 20:05,suspicious,Detected suspicious activity from remote source.,10.251.12.223,10.0.11.99,8
15,11-11-2024 20:12,suspicious,Detected suspicious activity from remote source.,10.251.229.238,10.0.54.249,6
118,07-07-2024 18:10,phishing,Detected phishing activity from remote source.,10.251.199.25,10.0.81.87,9
119,25-04-2024 04:23,hack,Detected hack activity from remote source.,10.251.119.219,10.0.54.1,7
120,27-04-2025 07:06,phishing,Detected phishing activity from remote source.,10.251.24.23,10.0.56.209,6
121,14-03-2025 05:06,suspicious,Detected suspicious activity from remote source.,10.251.161.253,10.0.51.153,5
122,03-01-2025 22:33,malicious,Detected malicious activity from remote source.,10.251.69.116,10.0.151.34,5
123,19-08-2024 22:43,hack,Detected hack activity from remote source.,10.251.227.128,10.0.75.243,7
124,04-11-2024 19:40,hack,Detected hack activity from remote source.,10.251.237.29,10.0.250.67,15
125,27-10-2024 09:24,phishing,Detected phishing activity from remote source.,10.251.1.5,10.0.202.74,13
126,29-07-2024 05:12,hack,Detected hack activity from remote source.,10.251.133.153,10.0.154.249,13
127,15-05-2024 05:16,hack,Detected hack activity from remote source.,10.251.38.138,10.0.161.50,14
128,14-06-2024 10:13,malware,Detected malware activity from remote source.,10.251.50.111,10.0.86.146,13
129,29-08-2024 02:18,threat,Detected threat activity from remote source.,10.251.25.101,10.0.230.142,6
130,29-09-2024 14:40,hack,Detected hack activity from remote source.,10.251.89.152,10.0.48.162,15
131,23-10-2024 21:13,malware,Detected malware activity from remote source.,10.251.3.67,10.0.185.181,10
132,07-10-2024 05:52,threat,Detected threat activity from remote source.,10.251.232.106,10.0.119.30,7
133,08-08-2024 23:38,malware,Detected malware activity from remote source.,10.251.92.25,10.0.66.191,7
134,31-05-2024 04:41,malware,Detected malware activity from remote source.,10.251.233.93,10.0.181.142,11
135,10-07-2024 06:29,malware,Detected malware activity from remote source.,10.251.73.28,10.0.89.102,7
136,14-08-2024 00:50,hack,Detected hack activity from remote source.,10.251.204.166,10.0.185.147,14
137,02-11-2024 23:06,malicious,Detected malicious activity from remote source.,10.251.142.34,10.0.33.69,12
138,24-01-2025 06:53,phishing,Detected phishing activity from remote source.,10.251.227.54,10.0.131.216,15
139,13-07-2024 09:44,threat,Detected threat activity from remote source.,10.251.99.134,10.0.3.51,14
140,26-11-2024 23:41,phishing,Detected phishing activity from remote source.,10.251.27.254,10.0.58.157,6
141,30-07-2024 02:08,phishing,Detected phishing activity from remote source.,10.251.102.87,10.0.226.103,11
142,24-11-2024 10:02,threat,Detected threat activity from remote source.,10.251.90.200,10.0.252.20,10
143,20-01-2025 01:32,hack,Detected hack activity from remote source.,10.251.169.182,10.0.157.111,12
144,29-10-2024 23:56,hack,Detected hack activity from remote source.,10.251.80.218,10.0.65.154,10
145,11-04-2024 10:42,malicious,Detected malicious activity from remote source.,10.251.52.28,10.0.78.118,13
146,14-05-2025 05:26,hack,Detected hack activity from remote source.,10.251.59.6,10.0.237.75,6
147,21-10-2024 20:37,suspicious,Detected suspicious activity from remote source.,10.251.183.227,10.0.14.63,12
148,21-08-2024 22:37,malicious,Detected malicious activity from remote source.,10.251.202.126,10.0.215.131,14
149,27-11-2024 07:58,malicious,Detected malicious activity from remote source.,10.251.157.158,10.0.160.2,13
150,26-07-2024 10:31,threat,Detected threat activity from remote source.,10.251.85.81,10.0.115.69,9
151,30-08-2024 05:02,threat,Detected threat activity from remote source.,10.251.72.218,10.0.12.74,12
152,18-07-2024 14:45,malware,Detected malware activity from remote source.,10.251.180.12,10.0.129.228,13
153,21-04-2024 05:18,malware,Detected malware activity from remote source.,10.251.26.223,10.0.47.165,15
154,01-10-2024 01:42,threat,Detected threat activity from remote source.,10.251.186.125,10.0.164.94,13
155,06-12-2024 20:20,suspicious,Detected suspicious activity from remote source.,10.251.187.230,10.0.31.20,8
156,02-05-2025 05:07,malware,Detected malware activity from remote source.,10.251.65.89,10.0.7.230,6
157,15-05-2025 05:56,malicious,Detected malicious activity from remote source.,10.251.164.5,10.0.224.111,14
158,25-09-2024 02:37,malicious,Detected malicious activity from remote source.,10.251.58.88,10.0.137.24,15
159,16-03-2025 07:55,malicious,Detected malicious activity from remote source.,10.251.61.52,10.0.129.190,11
160,22-04-2025 13:15,hack,Detected hack activity from remote source.,10.251.50.7,10.0.149.242,5
161,25-02-2025 08:06,suspicious,Detected suspicious activity from remote source.,10.251.199.241,10.0.82.240,11
162,10-03-2025 10:05,hack,Detected hack activity from remote source.,10.251.24.155,10.0.246.104,11
163,02-04-2024 12:33,malicious,Detected malicious activity from remote source.,10.251.167.66,10.0.51.252,12
164,16-05-2024 15:11,suspicious,Detected suspicious activity from remote source.,10.251.33.155,10.0.34.162,13
165,07-12-2024 21:13,phishing,Detected phishing activity from remote source.,10.251.116.9,10.0.31.122,5
166,05-07-2024 10:41,suspicious,Detected suspicious activity from remote source.,10.251.79.28,10.0.254.41,7
167,28-03-2025 10:26,threat,Detected threat activity from remote source.,10.251.64.12,10.0.50.135,5
168,21-08-2024 20:38,threat,Detected threat activity from remote source.,10.251.207.206,10.0.152.4,12
169,28-09-2024 08:44,suspicious,Detected suspicious activity from remote source.,10.251.202.186,10.0.222.31,7
50,16-11-2024 00:55,malicious,Detected malicious activity from remote source.,10.251.77.218,10.0.231.40,12
51,29-01-2025 05:43,phishing,Detected phishing activity from remote source.,10.251.253.55,10.0.210.86,8
52,26-01-2025 16:16,malware,Detected malware activity from remote source.,10.251.32.118,10.0.35.126,11
53,20-12-2024 10:41,malware,Detected malware activity from remote source.,10.251.145.232,10.0.123.127,9
54,31-07-2024 11:49,hack,Detected hack activity from remote source.,10.251.150.227,10.0.22.186,6
55,25-09-2024 03:38,hack,Detected hack activity from remote source.,10.251.8.184,10.0.215.51,5
56,13-11-2024 06:29,suspicious,Detected suspicious activity from remote source.,10.251.107.5,10.0.195.122,11
57,30-08-2024 10:52,malware,Detected malware activity from remote source.,10.251.116.227,10.0.220.77,11
58,08-12-2024 05:43,phishing,Detected phishing activity from remote source.,10.251.218.12,10.0.149.13,6
59,05-06-2024 00:33,malware,Detected malware activity from remote source.,10.251.28.57,10.0.164.107,15
180,19-02-2025 21:39,suspicious,Detected suspicious activity from remote source.,10.251.156.250,10.0.204.30,14
181,12-01-2025 12:14,hack,Detected hack activity from remote source.,10.251.59.191,10.0.155.197,6
182,01-03-2025 16:22,malicious,Detected malicious activity from remote source.,10.251.105.241,10.0.139.87,15
183,10-11-2024 23:53,malicious,Detected malicious activity from remote source.,10.251.225.95,10.0.59.61,5
184,08-05-2024 14:59,phishing,Detected phishing activity from remote source.,10.251.255.221,10.0.244.205,15
185,28-01-2025 23:08,phishing,Detected phishing activity from remote source.,10.251.139.77,10.0.203.99,5
186,18-02-2025 15:41,suspicious,Detected suspicious activity from remote source.,10.251.238.52,10.0.114.116,14
187,02-04-2024 14:22,threat,Detected threat activity from remote source.,10.251.144.80,10.0.58.71,6
188,31-01-2025 14:01,phishing,Detected phishing activity from remote source.,10.251.49.79,10.0.115.246,5
189,19-10-2024 01:07,malicious,Detected malicious activity from remote source.,10.251.255.230,10.0.103.218,7
190,31-05-2024 23:59,phishing,Detected phishing activity from remote source.,10.251.147.58,10.0.3.199,15
191,21-08-2024 07:50,malicious,Detected malicious activity from remote source.,10.251.159.72,10.0.200.190,15
192,26-05-2024 02:49,threat,Detected threat activity from remote source.,10.251.201.34,10.0.169.148,7
193,28-01-2025 03:34,malware,Detected malware activity from remote source.,10.251.102.186,10.0.146.77,11
194,28-08-2024 05:07,malicious,Detected malicious activity from remote source.,10.251.122.90,10.0.40.25,7
195,10-11-2024 20:58,threat,Detected threat activity from remote source.,10.251.182.54,10.0.243.57,10
196,05-04-2024 04:29,hack,Detected hack activity from remote source.,10.251.130.239,10.0.243.138,6
197,15-12-2024 10:11,threat,Detected threat activity from remote source.,10.251.121.188,10.0.160.36,10
198,23-09-2024 00:02,suspicious,Detected suspicious activity from remote source.,10.251.86.139,10.0.82.127,6
199,21-11-2024 20:43,suspicious,Detected suspicious activity from remote source.,10.251.103.77,10.0.244.214,8
200,03-04-2025 20:47,suspicious,Detected suspicious activity from remote source.,10.251.242.107,10.0.101.49,8
